[{"corners": [[0, 0], [0, 0], [0, 0]], "file": "Trump_00.png", "show": false}, {"corners": [[0, 0], [0, 0], [0, 0]], "file": "Trump_01.png", "show": false}, {"corners": [[0, 0], [0, 0], [0, 0]], "file": "Trump_02.png", "show": false}, {"corners": [[0, 0], [0, 0], [0, 0]], "file": "Trump_03.png", "show": false}, {"corners": [[0, 0], [0, 0], [0, 0]], "file": "Trump_04.png", "show": false}, {"corners": [[0, 0], [0, 0], [0, 0]], "file": "Trump_05.png", "show": false}, {"corners": [[0, 0], [0, 0], [0, 0]], "file": "Trump_06.png", "show": false}, {"corners": [[0, 0], [0, 0], [0, 0]], "file": "Trump_07.png", "show": false}, {"corners": [[0, 0], [0, 0], [0, 0]], "file": "Trump_08.png", "show": false}, {"corners": [[0, 0], [0, 0], [0, 0]], "file": "Trump_09.png", "show": false}, {"corners": [[0, 0], [0, 0], [0, 0]], "file": "Trump_10.png", "show": false}, {"corners": [[0, 0], [0, 0], [0, 0]], "file": "Trump_11.png", "show": false}, {"corners": [[0, 0], [0, 0], [0, 0]], "file": "Trump_12.png", "show": false}, {"corners": [[0, 0], [0, 0], [0, 0]], "file": "Trump_13.png", "show": false}, {"corners": [[0, 0], [0, 0], [0, 0]], "file": "Trump_14.png", "show": false}, {"corners": [[0, 0], [0, 0], [0, 0]], "file": "Trump_15.png", "show": false}, {"corners": [[0, 0], [0, 0], [0, 0]], "file": "Trump_16.png", "show": false}, {"corners": [[0, 0], [0, 0], [0, 0]], "file": "Trump_17.png", "show": false}, {"corners": [[0, 0], [0, 0], [0, 0]], "file": "Trump_18.png", "show": false}, {"corners": [[0, 0], [0, 0], [0, 0]], "file": "Trump_19.png", "show": false}, {"corners": [[0, 0], [0, 0], [0, 0]], "file": "Trump_20.png", "show": false}, {"corners": [[0, 0], [0, 0], [0, 0]], "file": "Trump_21.png", "show": false}, {"corners": [[0, 0], [0, 0], [0, 0]], "file": "Trump_22.png", "show": false}, {"corners": [[0, 0], [0, 0], [0, 0]], "file": "Trump_23.png", "show": false}, {"corners": [[0, 0], [0, 0], [0, 0]], "file": "Trump_24.png", "show": false}, {"corners": [[0, 0], [0, 0], [0, 0]], "file": "Trump_25.png", "show": false}, {"corners": [[0, 0], [0, 0], [0, 0]], "file": "Trump_26.png", "show": false}, {"corners": [[0, 0], [0, 0], [0, 0]], "file": "Trump_27.png", "show": false}, {"corners": [[0, 0], [0, 0], [0, 0]], "file": "Trump_28.png", "show": false}, {"corners": [[0, 0], [0, 0], [0, 0]], "file": "Trump_29.png", "show": false}, {"corners": [[0, 0], [0, 0], [0, 0]], "file": "Trump_30.png", "show": false}, {"corners": [[0, 0], [0, 0], [0, 0]], "file": "Trump_31.png", "show": false}, {"corners": [[0, 0], [0, 0], [0, 0]], "file": "Trump_32.png", "show": false}, {"corners": [[0, 0], [0, 0], [0, 0]], "file": "Trump_33.png", "show": false}, {"corners": [[0, 0], [0, 0], [0, 0]], "file": "Trump_34.png", "show": false}, {"corners": [[0, 0], [0, 0], [0, 0]], "file": "Trump_35.png", "show": false}, {"corners": [[0, 0], [0, 0], [0, 0]], "file": "Trump_36.png", "show": false}, {"corners": [[0, 0], [0, 0], [0, 0]], "file": "Trump_37.png", "show": false}, {"corners": [[0, 0], [0, 0], [0, 0]], "file": "Trump_38.png", "show": false}, {"corners": [[0, 0], [0, 0], [0, 0]], "file": "Trump_39.png", "show": false}]